id,conversation_id,turn_no,speaker,utterance
1,1,1,User,"Hi, I'm looking to get motor insurance for my new electric vehicle. It's a 2024 Tesla Model 3."
2,1,2,Agent,"Great choice! The Tesla Model 3 is an excellent vehicle. Since you've opted for an EV, are you particularly interested in coverage specific to electric vehicles, like battery protection?"
3,1,3,User,"Yes, battery protection is definitely a concern. It's a big investment, and I want to make sure it's covered."
4,1,4,Agent,"Absolutely. The battery is the heart of your Tesla. With Tata AIG, you get rapid claims resolution combining thorough coverage with rapid claims resolution. It integrates technology with traditional risk management practices, ensuring that claims are processed quickly and effectively."
5,1,5,User,What kind of coverage options do you have specifically for EVs?
6,1,6,Agent,"We offer a comprehensive plan that includes coverage for accidental damage, theft, and third-party liability. More importantly, we offer add-ons like Zero Depreciation Cover and Engine & Gearbox Protection. And our online policy management system makes everything simple for someone like you."
7,1,7,User,"Okay, that sounds pretty good. Can you give me a quote?"
8,1,8,Agent,"Sure. For a 2024 Tesla Model 3 with comprehensive coverage including battery protection and roadside assistance, the annual premium would be approximately $2800. This includes a discount for purchasing the policy online."
9,1,9,User,That's within my budget. What's the claim process like if I need to use it?
10,1,10,Agent,"The claim process is designed to be as smooth and hassle-free as possible. Accidents are unpredictable, but the financial stress doesn’t have to be. We offer prompt claims settlement, so you can focus on recovery, not paperwork. Our team is available 24/7 to guide you through the process."
11,1,11,User,That sounds good. I appreciate the reassurance. I'm ready to proceed with the policy.
12,2,1,User,"Hi, I'm looking to get insurance for my bike. It's a 2022 Royal Enfield Interceptor 650."
13,2,2,Agent,"The Interceptor 650 is an excellent bike! As a professional, do you use it mainly for leisure or commuting?"
14,2,3,User,"Mostly for weekend rides, so leisure I guess."
15,2,4,Agent,"Since you are not a daily commuter, you might not need the most expensive plan out there. However, accidents can still happen, especially on leisure rides. Our comprehensive plan ensures you're financially protected from unexpected damages."
16,2,5,User,What's covered in a comprehensive plan?
17,2,6,Agent,"It covers damages to your bike from accidents, theft, natural disasters, and third-party liabilities. Tata AIG is designed to address modern vehicle risks, this insurance product combines thorough coverage with rapid claims resolution."
18,2,7,User,"Okay, that sounds good. What about roadside assistance?"
19,2,8,Agent,"Roadside assistance is available as part of our comprehensive coverage and offers help if you experience vehicle breakdowns, requiring towing services, tire changes, fuel delivery, or emergency repairs while on the road."
20,2,9,User,How much would this cost me?
21,2,10,Agent,"For a 2022 Royal Enfield Interceptor 650 with comprehensive coverage, it would be approximately $950 annually. And since you only use your bike for leisure, we can offer a discount making it $850 annually."
22,2,11,User,That sounds reasonable. I'm happy to pay $850 annually. Please tell me more about the claim process.
23,2,12,Agent,It is one of our most sought after policies because it offers excellent value for weekend riders
24,2,14,User,"That sounds convenient. Okay, I'm interested. What's the next step?"
25,3,1,User,"Hi, I'm looking for a motor insurance policy for my bike. It's a 2022 Royal Enfield Classic 350."
26,3,2,Agent,"Okay, a Royal Enfield Classic 350 is a great bike! Since you're a professional and likely value your time, would you prefer a policy with quick claim settlements or are you more focused on the lowest possible premium?"
27,3,3,User,I value my time. Quick claim settlement is important to me.
28,3,4,Agent,"I understand. As a professional, you're busy and don't want to be stuck dealing with lengthy claim processes. Bajaj Allianz emphasizes reliability and efficiency, offering extensive vehicle protection while ensuring that claims are settled quickly."
29,3,5,User,What does this policy typically cover?
30,3,6,Agent,"It provides Comprehensive Coverage, Liability Coverage, access to our Network Garages, and excellent Customer Support. This is one of our most popular plans—most of our clients go for it because it offers complete peace of mind for daily drivers"
31,3,7,User,Okay. What would be the premium for this policy?
32,3,8,Agent,"For a 2022 Royal Enfield Classic 350, the annual premium would be around $850. This includes quick claim settlements."
33,3,9,User,"That sounds good, can I get paperless claim settlement as part of the deal."
34,3,10,Agent,"Yes, our policy includes paperless claim settlement, streamlining the claims process through digital submissions and verifications, reducing paperwork and expediting claim settlements in an environmentally friendly manner."
35,3,11,User,"Okay, I'm interested. Can you send me the policy details?"
36,4,1,User,"Hi, I am interested in getting motor insurance for my bike. I just bought a new 2024 Royal Enfield Classic 350."
37,4,2,Agent,"Congratulations on your new Royal Enfield Classic 350! That's a fantastic bike. As a professional, you value efficiency. ICICI Lombard's plan with Cashless Repairs helps you cut unexpected costs and avoid downtime. It’s a smart choice if you value minimal out-of-pocket expense."
38,4,3,User,Cashless repairs sound good. Does the insurance cover theft as well?
39,4,4,Agent,"Yes, it does. Our comprehensive policy covers theft, accidents, and any damages from natural disasters. We also offer roadside assistance in case you ever get stranded."
40,4,5,User,That’s reassuring. What’s the claim process like if something happens?
41,4,6,Agent,"With IFFCO Tokio, you’re choosing a provider known for its customer-first approach and streamlined claims resolution. Their policy ensures clarity and speed during stressful times like accidents or thefts."
42,4,7,User,"Okay, that sounds pretty good. What would the premium be for the comprehensive policy?"
43,4,8,Agent,"For a 2024 Royal Enfield Classic 350 with comprehensive coverage, the premium would be around $950 per year. This includes coverage for theft, accidents, and natural disasters, as well as roadside assistance."
44,4,9,User,That sounds reasonable. Let me think about it.
45,4,10,Agent,"Consider the peace of mind knowing you're fully protected. Accidents are unpredictable, and the financial strain can be significant. Bajaj Allianz offers prompt claims settlement, allowing you to focus on recovery, not paperwork."
46,5,1,User,"Hi, I'm looking for motor insurance for my 2022 Hyundai Kona Electric. Can you help?"
47,5,2,Agent,"Absolutely! The Hyundai Kona Electric is a fantastic car. Given it's an EV, are you particularly concerned about battery coverage or charging-related issues?"
48,5,3,User,"Yes, battery coverage is a big concern. I've heard those repairs can be super expensive."
49,5,4,Agent,"I understand. With Tata AIG, we understand the nuances of EVs. Our policy is designed to address modern vehicle risks, it ensures claims are processed quickly and effectively."
50,5,5,User,"Okay, good. What kind of coverage options do you offer for the battery specifically?"
51,5,6,Agent,"We offer a comprehensive plan that includes coverage for accidental damage, theft, and also covers the battery against manufacturing defects and certain types of damage. It's a complete package, offering extensive financial protection."
52,5,7,User,That sounds reassuring. And what about roadside assistance? Does that cover EVs?
53,5,8,Agent,"Yes, our Roadside Assistance covers EVs. It ensures help is available at any time if you experience vehicle breakdowns, requiring towing services, or emergency repairs while on the road."
54,5,9,User,What would the annual premium be for a comprehensive policy like that?
55,5,10,Agent,"For a 2022 Hyundai Kona Electric with comprehensive coverage, including battery protection and roadside assistance, the annual premium would be around $1200. Since you're a daily commuter, we can also include Online Policy Management suits your tech-savvy lifestyle"
56,5,11,User,That's within my budget. Can you send me a detailed quote with all the inclusions?
57,5,12,Agent,Of course! I'll email you a detailed policy brochure and a personalized quote outlining all the benefits and coverage options. This is our most popular plan!
58,6,1,User,I need insurance for my 2018 Honda CBR250R. What are my options?
59,6,2,Agent,"Okay! First, are you primarily concerned with just meeting the minimum legal requirements, or are you looking for more comprehensive protection?"
60,6,3,User,"Well, I'm a student, so budget is definitely a concern. But I also don't want to be completely exposed if something happens."
61,6,4,Agent,"Given your situation as a student, Bajaj Allianz offers prompt claims settlement, so you can focus on recovery, not paperwork."
62,6,5,User,"Okay, what's the difference in price between the minimum and a more comprehensive option?"
63,6,6,Agent,"For a 2018 Honda CBR250R, a third-party liability policy, which is the minimum, would be around $300 per year. A comprehensive policy, covering damage to your bike as well, would be about $500."
64,6,7,User,"Hmm, $200 is a decent jump. What does the comprehensive policy actually cover on my bike?"
65,6,8,Agent,"It covers accidental damage, theft, fire, and natural disasters. And with IFFCO Tokio, you’re choosing a provider known for its customer-first approach and streamlined claims resolution. Their policy ensures clarity and speed during stressful times like accidents or thefts."
66,6,9,User,"Okay, that does sound better than just liability. Do you offer any discounts for students?"
67,6,10,Agent,"Yes, because you are a student and drive occasionally, we can offer you a discount on the comprehensive policy. It's a popular choice amongst students because it's affordable and offers complete peace of mind for daily drivers"
68,7,1,User,I'm looking for insurance for my 2020 Maruti Suzuki Baleno. Can you help me with that?
69,7,2,Agent,"Certainly! The Maruti Suzuki Baleno is a great car. Given that you likely use it for family commutes, what are your primary concerns?"
70,7,3,User,Safety for my family is my top priority. I want to make sure everyone is covered in case of an accident.
71,7,4,Agent,"I understand completely. Accidents are unpredictable, but the financial stress doesn’t have to be. HDFC ERGO policy is crafted to meet specific vehicle protection needs by providing clear, understandable coverage terms"
72,7,5,User,What kind of personal accident cover do you offer for passengers?
73,7,6,Agent,"Our Personal Accident Cover provides additional financial support in case of serious injury or death resulting from a road accident, covering medical expenses, disability, or loss of income for the insured driver and eligible passengers."
74,7,7,User,"That's good to know. I also worry about the car getting damaged, especially with kids around!"
75,7,8,Agent,"Then you'll definitely want comprehensive coverage. It covers damages to your vehicle due to accidents, theft, natural disasters, fire, and vandalism, offering extensive financial protection beyond just third-party coverage."
76,7,9,User,What's the claim process like? I don't want a lot of hassle if I need to make a claim.
77,7,10,Agent,We pride ourselves on our streamlined claim process and customer support. Our claims process is designed to be simple and efficient.
78,7,11,User,"Okay, that's reassuring. How much would a comprehensive policy with personal accident cover cost for my Baleno?"
79,7,12,Agent,"For a 2020 Maruti Suzuki Baleno with comprehensive coverage and personal accident cover, the annual premium would be approximately $950. Since you are a daily commuter and drive your family, we can offer you Cashless Repair Network that allows policyholders to have their vehicle repairs handled directly by approved service centers without paying upfront"
80,8,1,User,"Hi, I'm interested in getting insurance for my bike, a 2022 Royal Enfield Interceptor 650."
81,8,2,Agent,"Great choice! The Interceptor 650 is a fantastic bike. Since you're a professional and likely value your leisure time, how important is a hassle-free claim process to you?"
82,8,3,User,A hassle-free claim process is definitely important. I don't want to spend hours on paperwork if something happens.
83,8,4,Agent,"I understand. With IFFCO Tokio, you’re choosing a provider known for its customer-first approach and streamlined claims resolution. Their policy ensures clarity and speed during stressful times like accidents or thefts."
84,8,5,User,"Okay, that sounds promising. What kind of coverage options do you offer?"
85,8,6,Agent,"We offer both comprehensive and third-party liability coverage. Given that you value a hassle-free experience, I highly recommend the comprehensive coverage. It will cover you for a variety of risks including collisions, theft, and incidental damages."
86,8,7,User,What's the approximate cost difference between the two?
87,8,8,Agent,"For your bike, the third-party liability might be around $300 annually, while the comprehensive policy would be approximately $650. Since you're a value-seeker, consider this: the extra $350 could save you thousands in case of an accident or theft."
88,8,9,User,That's a fair point. What add-ons would you recommend for the comprehensive policy?
89,8,10,Agent,"Since you don't drive daily, Roadside Assistance is a great add-on. This ensures that help is available at any time if you experience vehicle breakdowns, requiring towing services, tire changes, fuel delivery, or emergency repairs while on the road."
90,8,11,User,"Okay, roadside assistance sounds useful. How much would that add to the premium?"
91,8,12,Agent,"Roadside assistance would add approximately $50 to the annual premium. It's a small price to pay for the peace of mind knowing you won't be stranded. Accidents are unpredictable, but the financial stress doesn’t have to be. Bajaj Allianz offers prompt claims settlement, so you can focus on recovery, not paperwork."
92,8,13,User,"Alright, I'm interested. Can you send me a quote with the comprehensive coverage and roadside assistance?"
93,8,14,Agent,"Absolutely! I'll email you a detailed quote right away. I think you will find that for the price, the peace of mind is well worth it."
94,9,1,User,"Hi, I'm looking to get insurance for my new bike. It's a 2024 Royal Enfield Himalayan."
95,9,2,Agent,"Congratulations on your new Royal Enfield Himalayan! It's a fantastic bike. As a professional, do you primarily use your bike for leisure or commuting?"
96,9,3,User,"Mostly leisure, weekend rides. I want something reliable, but I'm also on a budget."
97,9,4,Agent,"For weekend rides, you’ll want to ensure your bike is protected from accidents and unforeseen circumstances. With IFFCO Tokio, you’re choosing a provider known for its customer-first approach and streamlined claims resolution. Their policy ensures clarity and speed during stressful times like accidents or thefts."
98,9,5,User,"Okay, good to know. What kind of coverage options do you have for the Himalayan?"
99,9,6,Agent,"We offer both third-party liability and comprehensive coverage. Given your occasional usage and budget considerations, a comprehensive policy is recommended. It covers damage to your bike, as well as third-party liabilities."
100,9,7,User,What add-ons are worth considering?
101,9,8,Agent,"Since you often embark on weekend trips, consider Roadside Assistance. This service ensures that help is available at any time if you experience vehicle breakdowns, requiring towing services, tire changes, fuel delivery, or emergency repairs while on the road."
102,9,9,User,That sounds useful. How much would the comprehensive policy with roadside assistance cost?
103,9,10,Agent,"For your 2024 Royal Enfield Himalayan, the comprehensive policy with roadside assistance would be approximately $1200 annually. This plan is affordable and offers complete peace of mind for daily drivers"
104,9,11,User,"Okay, I'm interested. What's the next step?"
105,9,12,Agent,"Great! I can email you a detailed quote with the policy terms and conditions. We can also discuss payment options. Accidents are unpredictable, but the financial stress doesn’t have to be. Bajaj Allianz offers prompt claims settlement, so you can focus on recovery, not paperwork."
106,10,1,User,"Hi, I'm interested in getting motor insurance for my bike. It's a 2022 Yamaha MT-07."
107,10,2,Agent,"Great choice! The Yamaha MT-07 is a fantastic bike.  Being a professional, your time is valuable. We offer policies with streamlined claims to minimize any disruption to your busy schedule."
108,10,3,User,That's good to know. What kind of coverage options do you have?
109,10,4,Agent,"We offer both third-party liability and comprehensive coverage. Since the bike is relatively new, I'd strongly recommend comprehensive coverage to protect against theft, accidents, and other damages."
110,10,5,User,What's the difference in price between the two?
111,10,6,Agent,"For your Yamaha MT-07, third-party liability would be around $400 per year, while comprehensive coverage would be about $950. Accidents are unpredictable, but the financial stress doesn’t have to be."
112,10,7,User,"Okay, that's a significant jump. What does the comprehensive policy actually cover?"
113,10,8,Agent,"Comprehensive coverage includes damage to your bike from accidents (even if it's your fault), theft, fire, vandalism, and natural disasters. It also covers third-party liability if you cause damage to someone else's property or injure them."
114,10,9,User,What about roadside assistance?
115,10,10,Agent,"Roadside assistance is an optional add-on. However, IFFCO Tokio is known for its customer-first approach and streamlined claims resolution. Their policy ensures clarity and speed during stressful times."
116,10,11,User,"Okay, I think I'd like to go with the comprehensive coverage. Can you give me a quote with roadside assistance?"
117,10,12,Agent,"Certainly! With roadside assistance added, the annual premium would be $1100. It's one of our most popular plans—most of our clients go for it because it’s affordable and offers complete peace of mind."
118,10,13,User,That sounds reasonable. Let's proceed with that.
119,11,1,User,I'm looking to get insurance for my bike. It's a 2022 Royal Enfield Interceptor 650.
120,11,2,Agent,"Okay, a 2022 Royal Enfield Interceptor 650. Nice bike! As a professional, you probably value reliability and efficiency. I would recommend Bajaj Allianz for your bike.  "
121,11,3,User,What makes Bajaj Allianz a good choice?
122,11,4,Agent,"Bajaj Allianz offers extensive vehicle protection while ensuring that claims are settled quickly. Additional benefits enhance the overall service, making it a dependable choice for minimizing the financial impact of unforeseen events."
123,11,5,User,What kind of coverage options are available?
124,11,6,Agent,"We offer both third-party liability and comprehensive coverage. Given that you are value-seeker and your bike is fairly recent, I would strongly recommend the comprehensive coverage."
125,11,7,User,What does the comprehensive policy cover?
126,11,8,Agent,"Comprehensive coverage provides all-round protection by including both own-damage and third-party liabilities. It covers damages to your vehicle due to accidents, theft, natural disasters, fire, and vandalism, offering extensive financial protection beyond just third-party coverage."
127,11,9,User,That sounds good. What about the claim process?
128,11,10,Agent,"Our claim process is designed to be smooth and efficient. We also have a cashless repair network. This feature allows policyholders to have their vehicle repairs handled directly by approved service centers without paying upfront, as costs are settled directly between the insurer and the network garage."
129,11,11,User,And what would be the cost of the comprehensive policy?
130,11,12,Agent,"For a 2022 Royal Enfield Interceptor 650, the comprehensive policy would be around $950 per year. With Bajaj Allianz, you’re choosing a provider known for its customer-first approach and streamlined claims resolution"
131,11,13,User,"Okay, that seems reasonable. Can you send me a quote?"
132,11,14,Agent,"Absolutely! I'll email you a detailed quote right away. Accidents are unpredictable, but the financial stress doesn’t have to be. We offer prompt claims settlement, so you can focus on recovery, not paperwork."
133,12,1,User,"Hi, I'm interested in getting a motor insurance quote for my 2022 Royal Enfield Classic 350."
134,12,2,Agent,"Certainly! The Royal Enfield Classic 350 is a great bike. As a professional, you probably value both reliability and affordability, correct?"
135,12,3,User,"Yes, exactly. I don't use it for daily commuting, mostly weekend rides."
136,12,4,Agent,"Given your occasional usage, a comprehensive plan might be overkill. However, accidents can still happen. Imagine a minor collision on a weekend ride leading to costly repairs. Our standard plan offers sufficient protection without breaking the bank."
137,12,5,User,What does the standard plan cover?
138,12,6,Agent,"It covers third-party liability, accidental damage to your bike, and theft. Plus, with IFFCO Tokio, you’re choosing a provider known for its customer-first approach and streamlined claims resolution."
139,12,7,User,"Okay, and how much would that cost?"
140,12,8,Agent,"For your 2022 Royal Enfield Classic 350, the standard plan would be approximately $850 annually. It’s a dependable choice for minimizing the financial impact of unforeseen events."
141,12,9,User,Are there any discounts available?
142,12,10,Agent,"Yes, we offer a digital purchase discount if you buy the policy online. Given you are a professional and most likely tech-savvy, this may be of interest to you."
143,12,11,User,That sounds good. I'm happy to purchase online.
144,12,12,Agent,Excellent! This is one of our popular plans—most of our clients go for it because it’s affordable and offers complete peace of mind for daily drivers
145,12,13,User,"Okay, let's proceed with the online purchase then."
146,13,1,User,I'm looking to insure my bike. It's a 2022 Yamaha MT-07.
147,13,2,Agent,"Okay, a 2022 Yamaha MT-07. Great bike! Do you use it primarily for commuting, or leisure riding?"
148,13,3,User,Mostly for commuting to work daily.
149,13,4,Agent,"Given that you're using your MT-07 for daily commuting, especially with city traffic, a comprehensive plan is highly recommended. Think about the peace of mind knowing you're covered in case of an accident or theft."
150,13,5,User,What does the comprehensive plan cover exactly?
151,13,6,Agent,"It covers damages to your bike from accidents, theft, vandalism, and natural disasters. It also includes third-party liability, protecting you if you cause damage to another person or their property."
152,13,7,User,"Okay, that sounds good. How about roadside assistance?"
153,13,8,Agent,"Roadside assistance is included in our comprehensive plan. We offer services like towing, jump-starts, and fuel delivery if you ever find yourself stranded."
154,13,9,User,What company is this through?
155,13,10,Agent,"We offer this coverage through Bajaj Allianz, known for reliability and efficient claims settlement. With Bajaj Allianz, you’re choosing a provider known for its customer-first approach and streamlined claims resolution."
156,13,11,User,And the cost?
157,13,12,Agent,"For a 2022 Yamaha MT-07 with comprehensive coverage and roadside assistance, the annual premium would be approximately $1100. Since you're a daily commuter, you might also benefit from our telematics-based monitoring for premium discounts."
158,13,13,User,Telematics? Tell me more.
159,13,14,Agent,"It's a small device that tracks your driving habits. Safe driving can earn you discounts on future premiums, so it pays to be responsible!"
160,13,15,User,"Okay, that sounds interesting. Send me the details and I will review it."
161,14,1,User,"Hi, I'm looking for car insurance for my 2018 Tesla Model 3."
162,14,2,Agent,"A 2018 Tesla Model 3, excellent choice! Given that it's a premium electric vehicle, are you looking for comprehensive coverage with all the bells and whistles?"
163,14,3,User,"Yes, I want the best protection possible. Money isn't really an issue, but I need to know my car is fully covered."
164,14,4,Agent,"I understand completely. Peace of mind is priceless, especially with a high-value vehicle. Accidents are unpredictable, but the financial stress doesn’t have to be. We offer prompt claims settlement, so you can focus on recovery, not paperwork."
165,14,5,User,What kind of coverage are we talking about?
166,14,6,Agent,"Our comprehensive coverage includes everything: collision, theft, vandalism, natural disasters, and third-party liability. We also offer add-ons like zero depreciation, which ensures you get the full replacement value for parts in case of a claim."
167,14,7,User,"Zero depreciation sounds essential. What about coverage for the battery? It's an EV, after all."
168,14,8,Agent,"Excellent point! Our comprehensive plan specifically covers the battery and other electric vehicle components. Also with IFFCO Tokio, you’re choosing a provider known for its customer-first approach and streamlined claims resolution. Their policy ensures clarity and speed during stressful times like accidents or thefts."
169,14,9,User,What's the premium for this level of coverage?
170,14,10,Agent,"For a 2018 Tesla Model 3 with comprehensive coverage, zero depreciation, and EV component protection, the annual premium would be around $3500. With features like cashless repair services, it streamlines the claim process, reducing administrative burdens and accelerating service delivery so vehicles can return to service faster."
171,14,11,User,That sounds reasonable. What is the Insured Declared Value (IDV)?
172,14,12,Agent,"In the case of a total loss, this cover guarantees that the payout will match the original purchase price of the vehicle as per the invoice, rather than the depreciated current value, providing greater financial relief."
173,14,13,User,Great. How do I proceed with purchasing this policy?
174,14,14,Agent,"Excellent! I can email you a detailed policy document and a link to our secure online payment portal.  Or, if you prefer, we can schedule a call to walk through the details together. This is one of our most popular plans - most of our clients go for it because it offers complete peace of mind."
175,15,1,User,I need to renew my car insurance. It's for a 2010 Honda Civic.
176,15,2,Agent,"Okay, a 2010 Honda Civic. Are you primarily concerned with the lowest possible price, or are there specific coverages you're interested in?"
177,15,3,User,"I'm on a fixed income, so price is definitely a factor. But I still need decent coverage."
178,15,4,Agent,"I understand. It’s important to protect yourself without breaking the bank. A third-party liability policy is the most affordable option, covering damages you might cause to others."
179,15,5,User,What does that actually cover?
180,15,6,Agent,It covers damages to another person's vehicle or property if you're at fault in an accident. It doesn't cover damages to your own car.
181,15,7,User,"Hmm, I see. How much would that cost?"
182,15,8,Agent,"For a 2010 Honda Civic, a third-party liability policy would be approximately $800 per year. With Reliance General Insurance, its user-friendly claim process and focus on customer convenience work together to provide a smooth and reassuring experience during challenging times."
183,15,9,User,Is there anything else I should consider?
184,15,10,Agent,"Given your age and occasional driving, personal accident cover is worth considering. This rider provides additional financial support in case of serious injury or death resulting from a road accident, covering medical expenses, disability, or loss of income for the insured driver and eligible passengers."
185,15,11,User,How much would that add to the premium?
186,15,12,Agent,"Adding personal accident cover would increase the premium by about $50 per year. Since you’re budget-conscious and prefer simplicity, this policy offers essential protection at an affordable price point."
187,15,13,User,"Okay, that doesn't sound too bad. What about discounts?"
188,15,14,Agent,"Since you're renewing with us, you qualify for a loyalty discount. This discount rewards long-term customers with reduced premiums upon policy renewal, recognizing their loyalty and consistent risk profile over time."
189,15,15,User,"Alright, that sounds good. Let's go with the third-party liability and the personal accident cover."
190,16,1,User,"Hi, I'm interested in getting motor insurance for my bike. It's a 2022 Royal Enfield Interceptor 650."
191,16,2,Agent,Great choice! The Interceptor 650 is a fantastic bike. Do you use it for daily commuting or mostly for weekend rides?
192,16,3,User,Mostly weekend rides. I like to take it out on the open road when I have time.
193,16,4,Agent,"I understand. Given that you enjoy weekend rides, having comprehensive coverage will give you peace of mind on those long journeys. Imagine being stranded far from home due to a breakdown; our roadside assistance can be a lifesaver."
194,16,5,User,Roadside assistance does sound good. What exactly does your comprehensive policy cover?
195,16,6,Agent,"It covers accidental damage, theft, natural disasters, and third-party liability. With IFFCO Tokio, you’re choosing a provider known for its customer-first approach and streamlined claims resolution. Their policy ensures clarity and speed during stressful times like accidents or thefts."
196,16,7,User,"Okay, good to know. How much would a comprehensive policy cost me?"
197,16,8,Agent,"For a 2022 Royal Enfield Interceptor 650, the comprehensive policy would be around $850 per year. Also as you're a professional and use your bike only for occasional drives, we can offer a discount."
198,16,9,User,That sounds reasonable. Does it include zero depreciation?
199,16,10,Agent,"We can add a zero depreciation cover for an additional $100 per year. This ensures that in the event of a claim, the repair or replacement costs are calculated based on the current market value of new parts, rather than depreciated values, offering maximum reimbursement."
200,16,11,User,"Okay, that's good to know. I'm interested. Can you send me a quote with and without the zero depreciation cover?"
201,16,12,Agent,"Absolutely! I'll email you both quotes right away. Many of our clients opt for the zero depreciation cover, as it can save you a lot of money in the long run."
202,17,1,User,"Hi, I'm looking to get insurance for my bike. It's a 2022 Yamaha MT-07."
203,17,2,Agent,"Great choice, the MT-07 is a fantastic bike! Since you're a daily commuter, have you considered a comprehensive plan that covers everything from accidents to theft?"
204,17,3,User,"Yeah, I was thinking comprehensive would be best. I commute in heavy traffic, so I want to be covered. What are my options?"
205,17,4,Agent,"Accidents are unpredictable, but the financial stress doesn’t have to be. Bajaj Allianz offers prompt claims settlement, so you can focus on getting back on the road, not paperwork."
206,17,5,User,"Okay, good to know. What kind of coverage levels are we talking about?"
207,17,6,Agent,"We can tailor the coverage to your needs. For example, a comprehensive policy with IFFCO Tokio covers key risks such as accidents and theft. It simplifies the claims process through a well-organized system that focuses on customer ease and timely resolution, ensuring clarity and efficiency throughout the insurance experience."
208,17,7,User,That sounds pretty good. What about add-ons? Are there any I should consider?
209,17,8,Agent,"Since you commute daily, Roadside Assistance is invaluable. This service ensures that help is available at any time if you experience vehicle breakdowns, requiring towing services, tire changes, fuel delivery, or emergency repairs while on the road."
210,17,9,User,"Roadside assistance does sound useful. Okay, what's the damage? How much would all of this cost?"
211,17,10,Agent,"For a 2022 Yamaha MT-07 with comprehensive coverage and roadside assistance, you're looking at around $950 annually. This is one of our most popular plans—most of our clients go for it because it’s affordable and offers complete peace of mind for daily drivers"
212,17,11,User,That sounds reasonable. Can you send me a quote with all the details?
213,17,12,Agent,"Absolutely! I'll email you a detailed quote right away. It will outline all the coverage and benefits. Since you prefer self-service options, Tata AIG’s policy with Online Policy Management suits your tech-savvy lifestyle."
214,18,1,User,"Hi, I'm looking to get insurance for my bike. It's a 2022 Yamaha MT-07."
215,18,2,Agent,"Great choice! The Yamaha MT-07 is a fantastic bike. Since you're a professional and likely use your bike for daily commuting, let's explore options that offer robust protection and convenience."
216,18,3,User,"Yes, I use it every day for my commute. What kind of coverage do you recommend?"
217,18,4,Agent,"Given your daily commute, a comprehensive policy with roadside assistance is highly recommended. You never know when you might face a breakdown or flat tire, especially during rush hour."
218,18,5,User,Roadside assistance sounds useful. What else does the comprehensive policy cover?
219,18,6,Agent,"It covers accidental damage, theft, and third-party liability. Imagine someone were to damage your bike while it's parked; our policy would cover the repair costs."
220,18,7,User,"Okay, that sounds good. Which company do you recommend?"
221,18,8,Agent,I would recommend Bajaj Allianz. They are known for their quick claim settlements and reliable customer service. Choosing Bajaj Allianz offers you peace of mind during stressful times.
222,18,9,User,And what's the premium for the comprehensive policy with Bajaj Allianz?
223,18,10,Agent,"For your 2022 Yamaha MT-07, the annual premium would be approximately $1200. This includes comprehensive coverage and roadside assistance."
224,18,11,User,That sounds pretty reasonable. I am interested in the policy. Can I get additional discount on it?
225,18,12,Agent,"Yes, since you commute everyday, we can offer you a discount under the commuter discount policy. And with Bajaj Allianz, you’re choosing a provider known for its customer-first approach and streamlined claims resolution."
226,18,13,User,"Sure, that sounds great. Please provide me with the discount."
227,19,1,User,"Hi, I am looking for a motor insurance policy for my bike. It's a 2022 Royal Enfield Classic 350."
228,19,2,Agent,"Okay, great! The Royal Enfield Classic 350 is a fantastic bike. Since you are a daily commuter, comprehensive coverage is usually a good option. It covers not just third-party liabilities, but also damages to your bike."
229,19,3,User,What all is covered in a comprehensive policy?
230,19,4,Agent,"A comprehensive policy typically includes coverage for accidents, theft, natural disasters, fire, and vandalism. With Bajaj Allianz, we also ensure that claims are settled quickly. With Bajaj Allianz, you can focus on recovery, not paperwork."
231,19,5,User,That sounds good. What would be the premium for a comprehensive policy?
232,19,6,Agent,"For a 2022 Royal Enfield Classic 350, a comprehensive policy would be around $950 annually. Because you are a daily commuter and value financial security, we believe that this policy suits you best."
233,19,7,User,Are there any add-ons available with this policy?
234,19,8,Agent,"Yes, we have several add-ons like Zero Depreciation Cover and Roadside Assistance. As a daily rider, Roadside Assistance could be particularly useful in case of a breakdown."
235,19,9,User,What is Zero Depreciation Cover?
236,19,10,Agent,"Zero Depreciation Cover ensures that in the event of a claim, the repair or replacement costs are calculated based on the current market value of new parts, rather than depreciated values, offering maximum reimbursement. Accidents are unpredictable, and you can be financially prepared by taking this add-on. "
237,19,11,User,"Okay, that makes sense. How much would the policy cost with Zero Depreciation and Roadside Assistance?"
238,19,12,Agent,"With those add-ons, the premium would be approximately $1200 per year. Our policy ensures clarity and speed during stressful times like accidents or thefts. It’s a good choice if you are looking for complete peace of mind."
239,19,13,User,That sounds like a good deal. Can you send me more details about the policy?
240,19,14,Agent,Certainly! I will email you a detailed brochure with all the coverage details and terms and conditions. This is one of our most popular plans—most of our clients go for it because it offers complete peace of mind for daily drivers.
241,19,15,User,Thank you. I look forward to receiving it.
242,20,1,User,I need to insure my 2024 Tesla Model 3. What are my options?
243,20,2,Agent,"The Tesla Model 3 is an excellent vehicle. As a business owner, you likely appreciate efficiency and reliability. HDFC ERGO General Insurance focuses on delivering prompt assistance and support around the clock, ensuring that any claims or inquiries are handled efficiently at any time."
244,20,3,User,What kind of coverage do you recommend?
245,20,4,Agent,"Given that it’s a new and valuable car, I strongly recommend a comprehensive policy that includes Zero Depreciation cover and Insured Declared Value (IDV)."
246,20,5,User,Why is IDV important?
247,20,6,Agent,"IDV ensures you receive the original invoice value in the event of a total loss. In the case of a total loss, this cover guarantees that the payout will match the original purchase price of the vehicle as per the invoice, rather than the depreciated current value, providing greater financial relief."
248,20,7,User,And what about coverage for the battery? It’s an electric car.
249,20,8,Agent,"Our comprehensive policy covers the battery against damage from accidents, fire, and certain types of malfunctions. Think of it as an investment in your safety and security. Accidents happen, and the cost of repairs can be significant."
250,20,9,User,How much will all this cost?
251,20,10,Agent,"For a 2024 Tesla Model 3 with comprehensive coverage, Zero Depreciation, and IDV, the annual premium would be around $4200. Because you are a business owner and prioritize complete peace of mind, we can customize this policy to best suit you."
252,20,11,User,That's a bit expensive. Are there any discounts available?
253,20,12,Agent,"Yes, we offer a digital purchase discount if you buy the policy online. Also, since you may not be driving as much, we can look at usage-based insurance to bring down the premium a bit, which rewards you for safe driving habits."
254,20,13,User,"Okay, that sounds interesting. Tell me more about the usage-based insurance."
255,20,14,Agent,"With Tata AIG’s policy, Telematics-Based Monitoring can suit your tech-savvy lifestyle. Plus, safe driving could earn you future premium discounts. Our innovative approach integrates technology with traditional risk management practices, ensuring that claims are processed quickly and effectively."
