conversation_id,turn_no,speaker,utterance,new_agent_reply,label,reason
1,1,User,"Hi, I'm looking to get motor insurance for my new electric vehicle. It's a 2024 Tesla Model 3."," Welcome! I'm glad to help you with motor insurance for your new Tesla Model 3. Our policies offer comprehensive coverage for electric vehicles, including battery protection. Let's discuss the options that best suit your needs.",Personal appeal,"The statement addresses the user's specific need for motor insurance for their new Tesla Model 3, suggesting a focus on personalized coverage options."
1,3,User,"Yes, battery protection is definitely a concern. It's a big investment, and I want to make sure it's covered."," I completely understand your concern about battery protection for your Tesla Model 3. Our policies are designed to provide you with peace of mind, ensuring that your investment is well-protected. Let's explore the coverage options that include battery protection in detail.",Personal appeal,The utterance acknowledges the user's specific concern about battery protection for their Tesla Model 3 and offers to explore coverage options that address this concern directly. This tailored approach to a user's expressed need fits the definition of a personal appeal.
1,5,User,What kind of coverage options do you have specifically for EVs?," We offer comprehensive coverage options tailored for electric vehicles, including battery protection. Let's discuss the specifics of these options to ensure your Tesla Model 3 is well-protected.",Personal appeal,"The recommendation addresses the user's specific need for an electric vehicle, mentioning their Tesla Model 3, and suggests discussing details to tailor the coverage to their needs."
1,7,User,"Okay, that sounds pretty good. Can you give me a quote?"," Of course! I'd be happy to provide a personalized insurance quote for your Tesla Model 3. To ensure the most accurate quote, I'll need a few details such as your location, driving history, and the desired coverage level. Let's get started!",Personal appeal,"The sentence acknowledges the user's possession of a Tesla Model 3 and offers a personalized insurance quote tailored to their specific needs. The speaker requests additional personal details to provide an accurate quote, which indicates a targeted recommendation based on the user's requirements."
1,9,User,That's within my budget. What's the claim process like if I need to use it?," Our claim process is designed to be straightforward and efficient. In the unfortunate event that you need to make a claim, you can easily do so through our user-friendly online platform or by contacting our dedicated claims team. We prioritize prompt resolution to minimize any inconvenience to you. Rest assured, we're here to support you every step of the way.",Emotional appeal,"The sentence uses language that focuses on the user's peace of mind and assurance, such as ""rest assured,"" ""support you every step of the way,"" and ""minimize any inconvenience to you."" It aims to evoke feelings of security and confidence in the claim process, which qualifies it as an emotional appeal."
1,11,User,That sounds good. I appreciate the reassurance. I'm ready to proceed with the policy.," Wonderful! I'm thrilled to hear that you're ready to proceed with the policy for your Tesla Model 3. Our team will work diligently to ensure a smooth and seamless process. If you have any questions or concerns along the way, please don't hesitate to reach out. We're here to help you every step of the way. Let's get started on securing your coverage!",Emotional appeal,"The utterance conveys enthusiasm and eagerness to assist, creating a sense of comfort and peace of mind for the user. It also uses reassuring language to evoke positive emotions and foster a sense of trust."
2,1,User,"Hi, I'm looking to get insurance for my bike. It's a 2022 Royal Enfield Interceptor 650."," Hello! I'm delighted to help you with your motor insurance needs. Let's get started on finding a suitable plan for your 2022 Royal Enfield Interceptor 650. I'll provide you with a personalized quote that covers all essential aspects, ensuring your bike stays protected.",Personal appeal,"The assistant is offering to help the user find a suitable plan for their specific motorcycle model, displaying a personalized approach that addresses the user's specific needs."
2,3,User,"Mostly for weekend rides, so leisure I guess."," Understood. For leisure rides, we offer comprehensive coverage that includes third-party liability, own damage, and personal accident cover. This way, you can enjoy your weekend rides with peace of mind. Let's proceed with a personalized quote for your Royal Enfield Interceptor 650.",Personal appeal,This sentence acknowledges the user's specific activity (leisure rides and weekend rides) and offers a tailored insurance plan that covers their needs. Offering a personalized quote for the user's specific bike model further emphasizes the personalized approach.
2,5,User,What's covered in a comprehensive plan?," A comprehensive plan covers third-party liability, own damage, and personal accident cover. This ensures protection for your bike, other parties, and yourself during leisure rides. Let's move forward with a personalized quote for your Royal Enfield Interceptor 650.",Personal appeal,"The recommendation is tailored to the user's specific needs, mentioning the user's bike model (Royal Enfield Interceptor 650) and the types of coverage (third-party liability, own damage, personal accident). This demonstrates a personalized approach to the user's requirements."
2,7,User,"Okay, that sounds good. What about roadside assistance?"," In addition to third-party liability, own damage, and personal accident cover, our comprehensive plan also includes roadside assistance. This means you'll have help whenever you need it, whether it's a flat tire, running out of fuel, or any other unexpected issues during your weekend rides. Let's proceed with a personalized quote for your Royal Enfield Interceptor 650.",Personal appeal,"The recommendation is tailored to the user's specific needs and activities, such as weekend rides and mentioning the Royal Enfield Interceptor 650, which indicates a personalized recommendation."
2,9,User,How much would this cost me?," I'd be happy to provide you with a personalized quote for your comprehensive motor insurance plan. This plan includes third-party liability, own damage, personal accident cover, and roadside assistance for your Royal Enfield Interceptor 650. Let's find a plan that fits your budget and ensures peace of mind during your weekend rides.",Personal appeal,"The utterance directly addresses the user's specific needs and preferences, such as a personalized quote, comprehensive coverage, and weekend rides. It also offers roadside assistance for the user's specific bike model, making the recommendation targeted and personalized."
2,11,User,That sounds reasonable. I'm happy to pay $850 annually. Please tell me more about the claim process.," With your preferred annual premium of $850, we can certainly find a suitable comprehensive motor insurance plan for your Royal Enfield Interceptor 650. To ensure a smooth claim process, we prioritize rapid resolution and efficient service. In case of an incident, you can file a claim through our user-friendly online portal or by contacting our dedicated claims team. We'll guide you through the process and keep you updated on the progress. Let's proceed with finalizing your plan details.",Logical appeal,"The sentence presents specific information about the annual premium and a tailored comprehensive motor insurance plan, which is a fact-based logical argument. Additionally, it mentions efficient service and a user-friendly online portal for claim filing, which are verifiable claims."
2,13,User,"That sounds convenient. Okay, I'm interested. What's the next step?"," Great to hear that you're interested in moving forward with the comprehensive motor insurance plan for your Royal Enfield Interceptor 650. To finalize the process, I'll need a few more details from you. Once we have those, I'll be able to provide you with a detailed policy and the next steps to complete the application. Let's make sure your bike is protected during your weekend rides. Looking forward to assisting you further!",Personal appeal,"The message is tailored to the user's interest in a comprehensive motor insurance plan for their specific motorcycle model and also mentions their weekend rides, making it a targeted recommendation."
3,1,User,"Hi, I'm looking for a motor insurance policy for my bike. It's a 2022 Royal Enfield Classic 350.", Hello! I'm delighted to help you find the right motor insurance policy for your 2022 Royal Enfield Classic 350. Let's discuss the coverage options available to ensure your bike stays protected on the road.,Personal appeal,"The response is tailored to the user's specific vehicle, a 2022 Royal Enfield Classic 350, showing a direct connection to the user's needs."
3,3,User,I value my time. Quick claim settlement is important to me.," I completely understand the importance of a quick claim settlement for your peace of mind. With our motor insurance policy, we prioritize efficient claim processing to minimize your inconvenience. Let's explore the coverage options that can help you achieve this goal.",Emotional appeal,"The utterance emphasizes the importance of peace of mind and minimizing inconvenience during claim settlement. The language is designed to create a sense of understanding and reassurance for the user, which aligns with the emotional appeal strategy."
3,5,User,What does this policy typically cover?," Our motor insurance policy for your Royal Enfield Classic 350 includes coverage for third-party liabilities, own damage, theft, and personal accident. We also offer add-on covers like zero depreciation and roadside assistance to further protect your bike.",Logical appeal,"The sentence presents specific coverage details such as third-party liabilities, own damage, theft, and personal accident, along with add-on covers. This factual and detailed information aligns with the logical appeal strategy."
3,7,User,Okay. What would be the premium for this policy?," To provide you with an accurate premium quote for your motor insurance policy, I'll need a few more details such as your location, riding experience, and preferred coverage options. Once I have this information, I'll be able to give you a personalized quote. Let's proceed with gathering these details to ensure you get the best possible premium for your Royal Enfield Classic 350.",Personal appeal,"The utterance is directly addressing the user's needs and requests for a motor insurance policy. It requests additional details to provide a personalized quote, showing a targeted recommendation tailored to the user's situation."
3,9,User,"That sounds good, can I get paperless claim settlement as part of the deal."," Yes, our motor insurance policy offers paperless claim settlement for your convenience. This feature ensures a smooth and hassle-free process when you need to make a claim. Let's proceed with gathering the necessary details to tailor the policy to your needs.",Logical appeal,"The sentence presents a factual feature of the policy (paperless claim settlement) and explains its benefit (smooth and hassle-free process), which is a logical argument based on convenience and efficiency."
3,11,User,"Okay, I'm interested. Can you send me the policy details?"," I'd be happy to provide you with the details of our motor insurance policy for your Royal Enfield Classic 350. Here's a brief overview:

- Covers third-party liabilities, own damage, theft, and personal accident
- Offers add-on covers like zero depreciation and roadside assistance
- Prioritizes efficient claim processing, including paperless claim settlement for your convenience

To get a personalized quote based on your location, riding experience, and preferred coverage options, let's proceed with gathering these details. Once I have this information, I'll be able to provide you with an accurate premium quote.

Looking forward to helping you find the right motor insurance policy for your Royal Enfield Classic 350.",Personal appeal,"The recommendation is made with specific reference to the user's Royal Enfield Classic 350, outlining coverage types and add-on features that would benefit their particular vehicle. The speaker also offers to tailor the quote based on the user's location, riding experience, and preferred coverage options, making it a targeted recommendation."
4,1,User,"Hi, I am interested in getting motor insurance for my bike. I just bought a new 2024 Royal Enfield Classic 350."," Welcome! I'm delighted to help you with your motor insurance needs for your new 2024 Royal Enfield Classic 350. We have competitive plans designed specifically for bikes, ensuring your prized possession stays protected. Let's discuss the options available to find the perfect fit for you.",Personal appeal,The recommendation directly addresses the user's specific need for motor insurance for their new Royal Enfield Classic 350 bike and suggests discussing options to tailor the plan to fit their needs.
4,3,User,Cashless repairs sound good. Does the insurance cover theft as well?," Our plans include cashless repairs, which means you can get your bike fixed at a network garage without any upfront payment. Additionally, we offer coverage for theft to provide you with peace of mind. Let's explore the specifics of our plans to find the best fit for your needs.",Logical appeal,"The sentence highlights factual benefits such as cashless repairs and theft coverage, which provide measurable advantages to the user. Additionally, the mention of finding the best fit for the user's needs implies a cost-benefit analysis, further supporting the logical appeal strategy."
4,5,User,That’s reassuring. What’s the claim process like if something happens?," In the unfortunate event of a claim, our process is designed to be straightforward and efficient. You can submit your claim through our mobile app or website, and our dedicated team will guide you through the process. We'll also help you find a network garage for repairs, ensuring a smooth and hassle-free experience.",Logical appeal,"The sentence provides factual information about the claim submission process, emphasizing its simplicity and efficiency, which is a logical argument to persuade the user."
4,7,User,"Okay, that sounds pretty good. What would the premium be for the comprehensive policy?"," To provide you with an accurate premium for the comprehensive policy, I'll need a few more details such as your location, riding experience, and the desired coverage limits. Once I have this information, I can give you a personalized quote. Let's proceed with gathering these details to ensure you get the best possible rate for your motor insurance.",Personal appeal,The utterance directly addresses the user's needs for a comprehensive policy and personalized quote by asking for specific details. This strategy indicates a personalized approach to recommend the best possible rate for the user's motor insurance.
4,9,User,That sounds reasonable. Let me think about it.," Take your time to consider the options. I'm here to help whenever you're ready to proceed with the motor insurance for your new Royal Enfield Classic 350. If you have any questions or need more information, feel free to ask. We're committed to finding the best policy for your needs.",Default,"The utterance provides informative content about the user's readiness to assist with the motor insurance process, and emphasizes the commitment to finding the best policy. However, it does not employ any facts, emotional appeals, or other persuasive techniques to influence the user's choice."
5,1,User,"Hi, I'm looking for motor insurance for my 2022 Hyundai Kona Electric. Can you help?"," Of course! I'd be happy to help you find the right motor insurance for your 2022 Hyundai Kona Electric. Let's discuss coverage options tailored to electric vehicles, ensuring your car stays protected on the road.",Personal appeal,"The utterance is addressing the user's specific needs for a motor insurance plan suitable for their 2022 Hyundai Kona Electric, offering customized coverage options tailored for electric vehicles."
5,3,User,"Yes, battery coverage is a big concern. I've heard those repairs can be super expensive."," We absolutely understand your concern about battery protection. Our motor insurance policies offer comprehensive coverage for electric vehicles, including battery protection. This ensures that you're well-protected against unexpected repair costs. Let's discuss the specifics and find a policy that suits your needs.",Personal appeal,"The utterance directly addresses the user's concern about battery protection and offers a policy tailored to this specific need. The language used is also personal and inviting, suggesting a discussion to find a suitable policy."
5,5,User,"Okay, good. What kind of coverage options do you offer for the battery specifically?"," We offer battery protection as part of our comprehensive coverage for electric vehicles. This includes coverage for battery degradation, replacement, and repair costs due to accidents or other unforeseen events. Let's discuss the specifics and find a policy that suits your needs.",Personal appeal,"The recommendation directly addresses the specific needs of the user for battery protection as part of comprehensive coverage for electric vehicles, aiming to find a policy that suits their individual requirements."
5,7,User,That sounds reassuring. And what about roadside assistance? Does that cover EVs?," Absolutely! Our motor insurance policies also include roadside assistance for electric vehicles. This means that if you ever encounter a problem on the road, such as a dead battery or a flat tire, we'll send help to get you back on the move quickly and safely. Let's discuss the specifics and find a policy that suits your needs.",Personal appeal,"The recommendation is personalized for the user's potential situation with their electric vehicle, addressing potential roadside issues and offering assistance, making it a targeted recommendation."
5,9,User,What would the annual premium be for a comprehensive policy like that?," The annual premium for a comprehensive motor insurance policy with battery protection and roadside assistance for your 2022 Hyundai Kona Electric can vary based on factors such as your driving history, location, and coverage options. I'd be happy to provide a personalized quote for you. Let's discuss the details and find a policy that fits your budget and needs.",Personal appeal,"The statement directly addresses the user's specific situation, including their vehicle type, and offers to tailor a quote to their budget and needs, which aligns with the personal appeal strategy."
5,11,User,That's within my budget. Can you send me a detailed quote with all the inclusions?," I'd be delighted to provide you with a detailed quote for a comprehensive motor insurance policy tailored to your 2022 Hyundai Kona Electric. This policy includes battery protection, roadside assistance, and other essential coverages. I'll send you the quote shortly, and we can discuss any questions or concerns you may have.",Personal appeal,"The sentence addresses the user's specific car model (2022 Hyundai Kona Electric) and offers a tailored quote for a comprehensive motor insurance policy, indicating a personalized recommendation for the user's needs."
6,1,User,I need insurance for my 2018 Honda CBR250R. What are my options?, We'd be happy to help you find the right insurance policy for your 2018 Honda CBR250R. Let's explore the coverage options available to ensure your motorcycle is well-protected.,Personal appeal,"The recommendation is tailored to the user's specific needs, referencing their 2018 Honda CBR250R and exploring coverage options to ensure optimal protection."
6,3,User,"Well, I'm a student, so budget is definitely a concern. But I also don't want to be completely exposed if something happens."," We understand your budget concerns as a student, and we want to help you find an affordable policy that still provides adequate coverage for your Honda CBR250R. Let's discuss the cost-effective options available to ensure you're protected without breaking the bank.",Personal appeal,The recommendation directly addresses the user's concern as a student with budget constraints and tailors the policy to offer affordable coverage for the specific bike model mentioned.
6,5,User,"Okay, what's the difference in price between the minimum and a more comprehensive option?"," To help you make an informed decision, I'd be happy to explain the difference in premiums between the minimum and comprehensive coverage options for your Honda CBR250R. The minimum coverage typically includes third-party liability, while the comprehensive option offers additional benefits like own damage, theft, and personal accident cover. The premium for the comprehensive option will be higher due to the increased coverage, but it provides more protection for your motorcycle. Let's discuss which option best suits your needs and budget.",Logical appeal,"This sentence provides factual information about the coverage and premiums associated with different insurance options. It compares the minimum and comprehensive coverage options, informing the user of the benefits and costs of each, which is a logical approach to persuasion."
6,7,User,"Hmm, $200 is a decent jump. What does the comprehensive policy actually cover on my bike?"," The comprehensive policy for your Honda CBR250R includes coverage for own damage, theft, and personal accident, in addition to third-party liability. This ensures a more extensive protection for your motorcycle, providing peace of mind in various situations.",Logical appeal,"The sentence provides factual information about the coverage of the comprehensive policy, which includes own damage, theft, and personal accident, as well as third-party liability. The logical argument is made by stating that this comprehensive coverage provides ""more extensive protection for your motorcycle, providing peace of mind in various situations."""
6,9,User,"Okay, that does sound better than just liability. Do you offer any discounts for students?"," Yes, we do offer discounts for students. As a student, you may be eligible for a reduced premium on your comprehensive motorcycle insurance policy. Let's discuss the available student discounts and see how much you could save on your Honda CBR250R insurance.",Personal appeal,"The recommendation is specifically tailored to the user's status as a student, addressing the potential eligibility for discounts on their comprehensive motorcycle insurance policy."
7,1,User,I'm looking for insurance for my 2020 Maruti Suzuki Baleno. Can you help me with that?, Of course! I'd be happy to help you find the right insurance policy for your 2020 Maruti Suzuki Baleno. Let's discuss the coverage options that best suit your needs.,Personal appeal,"The statement directly addresses the user's situation with a specific car model and offers to discuss tailored coverage options, indicating a personalized approach to meet the user's needs."
7,3,User,Safety for my family is my top priority. I want to make sure everyone is covered in case of an accident., I completely understand your concern for your family's safety. Our policies prioritize your well-being and offer comprehensive coverage for all passengers in case of an accident. Let's discuss the details to ensure you have the right protection for your 2020 Maruti Suzuki Baleno.,Emotional appeal,"The utterance expresses understanding of the user's concern for their family's safety, emphasizing emotional reassurance and prioritizing well-being. The mention of comprehensive coverage for all passengers in case of an accident also adds a personal touch to the recommendation."
7,5,User,What kind of personal accident cover do you offer for passengers?," Our policies provide extensive personal accident coverage for all passengers. This includes financial assistance for permanent disability, temporary total disability, and even death benefits. We prioritize your family's safety and well-being, ensuring you have the right protection for your 2020 Maruti Suzuki Baleno. Let's discuss the specifics to tailor the policy to your needs.",Logical appeal,"The utterance provides specific details about personal accident coverage, including types of assistance and benefits, which is based on factual reasoning and verifiable claims."
7,7,User,"That's good to know. I also worry about the car getting damaged, especially with kids around!"," I'm glad to hear your concern about the car's safety, especially with young passengers. Our comprehensive coverage options include protection for damages caused by accidents, theft, or vandalism. We want to ensure your peace of mind while driving your 2020 Maruti Suzuki Baleno. Let's discuss the specifics to tailor the policy to your needs.",Emotional appeal,"The sentence speaks directly to the user's concern about car safety, particularly for young passengers, and aims to provide peace of mind. The usage of phrases like ""I'm glad to hear your concern"" and ""ensure your peace of mind"" show a focus on evoking an emotional response, making this an emotional appeal."
7,9,User,What's the claim process like? I don't want a lot of hassle if I need to make a claim.," We understand that a smooth claims process is crucial during challenging times. Our dedicated claims team is here to make the process as hassle-free as possible. You can file a claim through various channels, including our mobile app, website, or by calling our helpline. We'll guide you every step of the way to ensure a quick and seamless resolution.",Emotional appeal,"The message focuses on the importance of a smooth claims process during challenging times and the dedication of their claims team to make it hassle-free. This approach aims to evoke feelings of comfort, security, and peace of mind, making it an emotional appeal."
7,11,User,"Okay, that's reassuring. How much would a comprehensive policy with personal accident cover cost for my Baleno?"," To provide you with an accurate quote for a comprehensive policy that includes personal accident cover for your 2020 Maruti Suzuki Baleno, I'll need a few more details. Factors such as your location, driving history, and chosen coverage limits can affect the premium. Let's discuss these aspects to find the best policy for your needs and budget.",Personal appeal,"The utterance is directly addressing the user's specific needs by mentioning their car's model and year, and suggests a discussion to consider their personal requirements and budget. The recommendation is tailored to the user's situation, making it a targeted, personalized recommendation."
8,1,User,"Hi, I'm interested in getting insurance for my bike, a 2022 Royal Enfield Interceptor 650.", Hello! I'm delighted to help you with your motor insurance needs. We have a range of options for your 2022 Royal Enfield Interceptor 650. Let's discuss the coverage that best suits your requirements and budget. Shall we get started?,Personal appeal,"The sentence directly addresses the user's specific needs related to their motor insurance for a 2022 Royal Enfield Interceptor 650, with an intent to discuss options that fit their requirements and budget. This approach is tailored to the user's situation, making it a personal appeal."
8,3,User,A hassle-free claim process is definitely important. I don't want to spend hours on paperwork if something happens.," I completely understand your concern about a hassle-free claim process. Our insurance policies are designed with that in mind, ensuring a smooth and efficient claims experience. Let's explore the options that prioritize quick claim resolution for your Royal Enfield Interceptor 650.",Personal appeal,"The recommendation addresses the user's concern about a hassle-free claim process and tailors the insurance policies specifically to ensure a smooth and efficient claims experience, making it a personalized recommendation."
8,5,User,"Okay, that sounds promising. What kind of coverage options do you offer?"," We offer comprehensive coverage options for your Royal Enfield Interceptor 650, including third-party liability, own damage, and personal accident cover. Our policies prioritize a swift and hassle-free claim settlement process to ensure you're back on the road as quickly as possible. Let's discuss the specifics that best fit your needs.",Personal appeal,"The message addresses the user's specific needs by mentioning comprehensive coverage options for their specific motorbike model, Royal Enfield Interceptor 650, and focuses on a swift claim settlement process. It invites the user to discuss the specifics, showing the recommendation is tailored to their needs."
8,7,User,What's the approximate cost difference between the two?, I'd be happy to help you compare the premiums for the different coverage options we have for your Royal Enfield Interceptor 650. Let me provide you with a breakdown so you can make an informed decision.,Logical appeal,"The sentence offers to provide a breakdown of premiums for different coverage options, which involves presenting factual information and comparisons to help make an informed decision."
8,9,User,That's a fair point. What add-ons would you recommend for the comprehensive policy?," We have several add-on covers that can be tailored to your comprehensive policy for your Royal Enfield Interceptor 650. These include zero depreciation, roadside assistance, and engine protection. Let's discuss the benefits of each and how they can enhance your coverage.",Personal appeal,"The sentence directly addresses the user's comprehensive policy and offers customizable add-on covers. It also prompts discussion on how these can specifically enhance the user's coverage, indicating a personalized approach tailored to their needs."
8,11,User,"Okay, roadside assistance sounds useful. How much would that add to the premium?"," The cost for adding roadside assistance to your comprehensive policy for your Royal Enfield Interceptor 650 will be an additional [insert cost here]. This add-on provides peace of mind with 24/7 assistance in case of breakdowns or emergencies, making it a valuable addition to your coverage. Let's discuss the other benefits and options to ensure you have the best policy for your needs.",Emotional appeal,"The utterance aims to evoke a sense of security and peace of mind by highlighting the benefits of round-the-clock assistance for emergencies and breakdowns. The language used is emotive, focusing on the user's wellbeing rather than presenting objective facts or comparisons."
8,13,User,"Alright, I'm interested. Can you send me a quote with the comprehensive coverage and roadside assistance?"," Of course! I'd be happy to provide a quote for the comprehensive coverage and roadside assistance for your 2022 Royal Enfield Interceptor 650. Here's a summary of the policy:

- Comprehensive Coverage: This includes third-party liability, own damage, and personal accident cover.
- Roadside Assistance: 24/7 assistance in case of breakdowns or emergencies.

I'll send you a detailed quote shortly. In the meantime, if you have any questions or need further clarification, please don't hesitate to ask. I'm here to help!",Default,The provided quote is purely informative and describes the policy coverage without any persuasive elements or intent.
9,1,User,"Hi, I'm looking to get insurance for my new bike. It's a 2024 Royal Enfield Himalayan.", Hello! I'm delighted to help you with your motor insurance needs. Let's get started on a quote for your 2024 Royal Enfield Himalayan. We have a range of coverage options to ensure your bike stays protected. Shall we proceed?,Default,"The utterance provides straightforward information about the range of coverage options available for the motor insurance of a 2024 Royal Enfield Himalayan. It does not attempt to persuade by emphasizing facts, credibility, emotions, personal needs, or aligning with the user's persona."
9,3,User,"Mostly leisure, weekend rides. I want something reliable, but I'm also on a budget.", Absolutely! I'm here to help you find the perfect insurance solution for your leisure rides on your new Royal Enfield Himalayan. We offer affordable yet reliable two-wheeler insurance options that cater to your needs. Let's explore the coverage that fits your budget and ensures peace of mind during your weekend adventures. Shall we proceed with a quote?,Personal appeal,"The utterance explicitly addresses the user's specific interest in leisure rides on a Royal Enfield Himalayan and suggests affordable, reliable insurance options that cater to their needs. It also makes a personalized offer to explore the coverage that fits the user's budget and ensures peace of mind during the user's weekend adventures."
9,5,User,"Okay, good to know. What kind of coverage options do you have for the Himalayan?"," We have a variety of coverage options for your Royal Enfield Himalayan, including third-party liability, own damage, and personal accident cover. Let's discuss the details that best suit your needs and budget for a comprehensive insurance solution.",Personal appeal,"The recommendation is tailored to the user's needs for their specific type of motorcycle, Royal Enfield Himalayan, and the phrase ""let's discuss the details that best suit your needs and budget"" indicates a personalized approach to find the most suitable option."
9,7,User,What add-ons are worth considering?," We have several add-on covers that can enhance your insurance policy for the Royal Enfield Himalayan. Consider options like engine protection, zero depreciation, and roadside assistance to ensure comprehensive coverage for your bike. Let's discuss which add-ons would be most beneficial for you.",Personal appeal,"The recommendation directly addresses the user's specific interest in Royal Enfield Himalayan bike insurance and suggests add-ons that could enhance their policy. It also invites the user to discuss which add-ons would be most beneficial, tailoring the recommendation to the user's needs."
9,9,User,That sounds useful. How much would the comprehensive policy with roadside assistance cost?, I'd be happy to provide a quote for a comprehensive motor insurance policy that includes roadside assistance for your Royal Enfield Himalayan. Let's find a plan that fits your budget and offers the coverage you need for peace of mind during your leisure rides. Shall we proceed with a quote?,Personal appeal,"The utterance addresses the user's specific needs and budget, ensuring a tailored recommendation for the type of motorcycle they own and their leisure riding habits."
9,11,User,"Okay, I'm interested. What's the next step?"," Great! To get started, I'll need a few details about you and your bike. Once you provide that information, I'll be able to generate a personalized quote for your comprehensive motor insurance policy with roadside assistance for your Royal Enfield Himalayan. Let's move forward and secure the coverage you need for your leisure rides. Shall we proceed?",Personal appeal,"The language and recommendation are tailored to the user's specific needs, such as personalized quote, comprehensive motor insurance policy, and roadside assistance, which are particularly relevant to the user's bike type and leisure rides."
10,1,User,"Hi, I'm interested in getting motor insurance for my bike. It's a 2022 Yamaha MT-07.", Hello! I'm glad to help you with motor insurance for your 2022 Yamaha MT-07. Let's discuss the coverage options we have tailored to meet your needs.,Personal appeal,The sentence directly addresses the user's need for motor insurance for a specific bike model (2022 Yamaha MT-07) and offers to discuss coverage options tailored to their needs.
10,3,User,That's good to know. What kind of coverage options do you have?," We provide a range of coverage options for your Yamaha MT-07, including comprehensive coverage, third-party liability, personal accident cover, own damage, and various add-on covers. The Insured Declared Value (IDV) and policy premium will be calculated based on factors such as the bike's make, model, and year. Let's discuss the best options for you to ensure your bike stays protected.",Personal appeal,"The utterance directly addresses the user's specific needs regarding their Yamaha MT-07, offering a range of coverage options tailored to their situation. The statement also invites the user to discuss the best options, making it a personalized recommendation."
10,5,User,What's the difference in price between the two?," The pricing for each coverage option can vary based on factors such as the bike's make, model, and year. I'd be happy to provide a personalized quote for the coverage options that best suit your needs. Let's discuss the details and find the most cost-effective solution for you.",Logical appeal,"The utterance discusses how the pricing varies based on factual elements like the bike's make, model, and year, and suggests finding a cost-effective solution. This represents a logical approach to persuasion."
10,7,User,"Okay, that's a significant jump. What does the comprehensive policy actually cover?"," Our comprehensive policy covers damages to your bike due to accidents, theft, natural calamities, and third-party liabilities. This ensures a comprehensive level of protection for your Yamaha MT-07. Let's discuss the benefits in more detail to help you make an informed decision.",Logical appeal,"The sentence provides a comprehensive list of coverage details, including the types of damages covered and specific benefits for a Yamaha MT-07, focusing on factual information and a broad coverage scope to persuade."
10,9,User,What about roadside assistance?," Our comprehensive policy includes roadside assistance coverage, which provides help in case of a breakdown or accident, ensuring you're never stranded on the road. Let's discuss the specifics of this coverage to help you make an informed decision.",Logical appeal,"The utterance provides factual information about the comprehensive policy, including roadside assistance coverage and its benefits, such as help during breakdowns or accidents. The speaker also invites a discussion on the specifics of the coverage to help the user make an informed decision."
10,11,User,"Okay, I think I'd like to go with the comprehensive coverage. Can you give me a quote with roadside assistance?"," I'm delighted to hear that you've decided on our comprehensive coverage with roadside assistance for your Yamaha MT-07. I'll prepare a personalized quote for you right away. This quote will include the premium for the comprehensive coverage and roadside assistance, ensuring you have a clear understanding of the costs involved. Let's move forward with securing the best protection for your bike.",Personal appeal,"The response directly addresses the user's specific choice of comprehensive coverage and roadside assistance for their Yamaha MT-07, and offers to prepare a personalized quote. This tailored recommendation matches the user's previously expressed interests."
10,13,User,That sounds reasonable. Let's proceed with that.," Great! I'm glad we've found a suitable coverage plan for your Yamaha MT-07. Your personalized quote for the comprehensive coverage with roadside assistance is now ready. Let's move forward with securing the best protection for your bike. If you have any questions or need further clarification, feel free to ask. I'm here to help!",Personal appeal,"The recommendation is tailored to the user's specific need for comprehensive coverage and roadside assistance for their Yamaha MT-07, which is a targeted recommendation based on the user's concern."
11,1,User,I'm looking to get insurance for my bike. It's a 2022 Royal Enfield Interceptor 650., I'm delighted to help you with motor insurance for your 2022 Royal Enfield Interceptor 650. Let's discuss the coverage options that best suit your needs. Shall we get started?,Personal appeal,"The utterance directly addresses the user's need for motor insurance for their specific bike model, the 2022 Royal Enfield Interceptor 650, and offers to discuss coverage options that best suit their needs."
11,3,User,What makes Bajaj Allianz a good choice?," Bajaj Allianz is a trusted name in the insurance industry, known for its comprehensive coverage and quick claim settlement process. They offer a range of motor insurance plans tailored to meet the specific needs of bike owners like you. Let's explore the options together to find the perfect fit for your Royal Enfield Interceptor 650.",Credibility appeal,"The sentence highlights Bajaj Allianz's reputation as a trusted name in the insurance industry and its quick claim settlement process, which builds trust and credibility. It also mentions tailored motor insurance plans for bike owners, showing consideration for specific needs."
11,5,User,What kind of coverage options are available?," Bajaj Allianz provides a variety of comprehensive motor insurance plans for bikes, including coverage for accidental damage, theft, third-party liability, and more. Let's review the options together to find the best plan for your Royal Enfield Interceptor 650.",Personal appeal,"The sentence offers to review options together with the user to find the best plan for their specific bike model, which is a Royal Enfield Interceptor 650."
11,7,User,What does the comprehensive policy cover?," A comprehensive motor insurance policy from Bajaj Allianz covers accidental damage, theft, third-party liability, and various other risks. Let's discuss the specifics to ensure your Royal Enfield Interceptor 650 is adequately protected.",Personal appeal,"The recommendation is specifically tailored to the user's need to protect their Royal Enfield Interceptor 650, indicating a personalized approach."
11,9,User,That sounds good. What about the claim process?," Bajaj Allianz is committed to a smooth and efficient claim process. They prioritize quick resolution, ensuring minimal inconvenience for you. Let's go over the steps involved in the claim process for your Royal Enfield Interceptor 650.",Credibility appeal,"The sentence emphasizes Bajaj Allianz's commitment to a smooth and efficient claim process, which aims to build trust in their service. The focus on quick resolution and minimal inconvenience for the customer reinforces the company's reliability and professionalism."
11,11,User,And what would be the cost of the comprehensive policy?," The cost of the comprehensive motor insurance policy for your Royal Enfield Interceptor 650 can vary based on factors such as your riding history, location, and the specific coverage options you choose. I'd be happy to provide a personalized quote for you. Let's discuss the details to find the best plan that fits your needs and budget.",Personal appeal,"The sentence addresses the user's specific needs and budget, offering a personalized quote and discussing details to find the best plan for them."
11,13,User,"Okay, that seems reasonable. Can you send me a quote?"," Of course! I'd be happy to provide a personalized quote for the comprehensive motor insurance policy for your Royal Enfield Interceptor 650. Let's discuss the details to find the best plan that fits your needs and budget. Please provide me with your contact information, and I'll send you the quote promptly.",Personal appeal,"The sentence directly addresses the user's needs and budget, offering a personalized quote and inviting discussion to find the best plan. It also requests the user's contact information for sending the quote, showing a tailored recommendation."
12,1,User,"Hi, I'm interested in getting a motor insurance quote for my 2022 Royal Enfield Classic 350.", I'd be happy to help you get a motor insurance quote for your 2022 Royal Enfield Classic 350. Let's get started on finding the right coverage for your bike.,Personal appeal,"The sentence directly addresses the user's request for a motor insurance quote for a specific bike, showing a personalized approach to finding coverage."
12,3,User,"Yes, exactly. I don't use it for daily commuting, mostly weekend rides."," Great to hear that you're planning weekend rides on your Royal Enfield Classic 350! To ensure your bike is well-protected during these adventures, I can help you get a personalized motor insurance quote. Let's discuss the coverage options that best suit your needs.",Personal appeal,"The utterance references the user's specific interest in weekend rides on their Royal Enfield Classic 350, tailoring the recommendation to their needs and activities."
12,5,User,What does the standard plan cover?," Our standard plan includes comprehensive coverage for your Royal Enfield Classic 350, which covers damages due to accidents, theft, and third-party liabilities. Let's discuss the additional coverage options that can be tailored to your specific needs.",Personal appeal,"The statement presents a specific coverage option for the customer's Royal Enfield Classic 350, which is a personalized recommendation. Moreover, it invites the customer to discuss additional options that can be tailored to their specific needs, further emphasizing the personal appeal strategy."
12,7,User,"Okay, and how much would that cost?"," I'd be happy to provide you with a personalized motor insurance quote for your Royal Enfield Classic 350. The standard plan, which includes comprehensive coverage, will be competitively priced to fit your budget. Let me gather the details for you.",Personal appeal,"The sentence offers a customized quote for a specific motorcycle (Royal Enfield Classic 350) and mentions fitting the user's budget, directly addressing the user's needs and concerns."
12,9,User,Are there any discounts available?," Absolutely! We offer various discounts to help make your motor insurance more affordable. These include no-claim bonuses, voluntary deductibles, and discounts for installing safety devices on your bike. Let me find the best discounts for your specific situation and provide you with a personalized quote.",Logical appeal,"The utterance presents factual information about discounts that can reduce the cost of motor insurance. It includes no-claim bonuses, voluntary deductibles, and discounts for safety device installation, which are all logical and measurable benefits."
12,11,User,That sounds good. I'm happy to purchase online.," Excellent! I'm glad to hear that you're ready to purchase your motor insurance online. I'll prepare a personalized quote for your Royal Enfield Classic 350, including the standard plan and any available discounts. Once I have the details, I'll send you the quote for your review. If you have any questions or need assistance during the online purchasing process, feel free to ask. Let's get started on securing the right coverage for your bike.",Personal appeal,"The response directly addresses the user's specific situation—preparing a personalized quote for their Royal Enfield Classic 350 and mentions the standard plan and discounts, which indicates a tailored recommendation."
12,13,User,"Okay, let's proceed with the online purchase then."," I'm delighted to hear that you're ready to proceed with the online purchase for your motor insurance. I'll prepare a personalized quote for your Royal Enfield Classic 350, including the standard plan and any available discounts. Once I have the details, I'll send you the quote for your review. If you have any questions or need assistance during the online purchasing process, feel free to ask. Let's get started on securing the right coverage for your bike.",Personal appeal,The message acknowledges the user's readiness to make a purchase and offers to prepare a personalized quote for their specific bike model. This tailored approach fits the Personal appeal strategy.
13,1,User,I'm looking to insure my bike. It's a 2022 Yamaha MT-07., I'd be happy to help you with motor insurance for your 2022 Yamaha MT-07. Let's discuss the coverage options that best suit your needs.,Personal appeal,"The sentence offers to discuss coverage options that suit the user's specific needs, indicating a personalized approach."
13,3,User,Mostly for commuting to work daily.," Understood. For daily commuting, we recommend our Third-Party Liability and Comprehensive coverage options. These policies provide protection for your bike and offer financial assistance in case of accidents or theft. Let's explore these options further to find the best fit for your needs.",Personal appeal,"The utterance directly addresses the user's specific need for daily commuting, recommending Third-Party Liability and Comprehensive coverage options that protect the user's bike and offer financial assistance in case of accidents or theft. It also invites the user to explore these options further, indicating a personalized recommendation based on the user's needs."
13,5,User,What does the comprehensive plan cover exactly?," Comprehensive coverage includes protection for your bike against theft, fire, natural disasters, and third-party liabilities. It also covers damages caused to your bike due to accidents, vandalism, or even hitting an animal. This plan ensures a comprehensive shield for your Yamaha MT-07 during your daily commute.",Logical appeal,"The sentence provides detailed factual information about what the comprehensive coverage includes, such as protection against theft, fire, natural disasters, and third-party liabilities, making it a logical appeal."
13,7,User,"Okay, that sounds good. How about roadside assistance?"," Our Comprehensive plan also includes 24/7 roadside assistance. This service provides on-the-spot help for flat tires, battery issues, or even if you run out of fuel. With this coverage, you'll have peace of mind knowing that help is just a phone call away during your daily commute.",Emotional appeal,"The sentence focuses on providing peace of mind and assurance of help being available in case of emergencies, which is an emotional response rather than presenting facts or comparisons."
13,9,User,What company is this through?," The motor insurance for your Yamaha MT-07 is provided by Tata AIG, a trusted and reliable insurance company with a strong focus on customer satisfaction and comprehensive coverage options.",Credibility appeal,"The statement emphasizes the trustworthiness and reliability of Tata AIG, mentioning its strong focus on customer satisfaction and comprehensive coverage options, which builds trust and credibility."
13,11,User,And the cost?," To provide you with an accurate quote for your Yamaha MT-07, I'll need a few more details such as your location, riding experience, and the desired coverage limits. Once I have this information, I can give you a personalized premium estimate. Let's proceed with gathering these details to ensure you get the best possible rate for your motor insurance.",Personal appeal,"The utterance is tailored to the user's needs and requests for a personalized quote based on specific details such as location, riding experience, and coverage limits. It aims to provide a customized solution."
13,13,User,Telematics? Tell me more.," With our Comprehensive plan, you also have the option to add Telematics, which uses advanced technology to monitor your driving behavior. This can help you save on your premium by encouraging safe driving habits. By opting for Telematics, you can enjoy benefits like real-time trip analysis, vehicle health alerts, and even discounts on your premium based on your driving score. Let's discuss how Telematics can work for you and your Yamaha MT-07.",Logical appeal,"The utterance presents factual information about the Comprehensive plan, including the option to add Telematics. It explains how the technology can help save on premiums by encouraging safe driving habits, and offers specific benefits such as real-time trip analysis, vehicle health alerts, and discounts based on driving score. This is a logical argument appealing to the user's interest in saving money and promoting safe driving."
13,15,User,"Okay, that sounds interesting. Send me the details and I will review it."," I'm glad you're interested in our Comprehensive plan with the optional Telematics feature. I've prepared a detailed overview of the benefits and features for you. Please take a moment to review it at your convenience. If you have any questions or need further clarification, feel free to reach out. We're here to help you make an informed decision about your motor insurance for your Yamaha MT-07.

Best regards,
[Your Name]
[Your Position]
[Your Contact Information]",Logical appeal,The message provides a detailed overview of benefits and features of the Comprehensive plan with the optional Telematics feature. It aims to present factual information that can assist the recipient in making an informed decision about their motor insurance for their Yamaha MT-07.
14,1,User,"Hi, I'm looking for car insurance for my 2018 Tesla Model 3."," I'd be happy to help you find a car insurance quote for your 2018 Tesla Model 3. We offer coverage options tailored to electric vehicles, ensuring your car stays protected. Let's get started on finding the right policy for you.",Personal appeal,"The utterance directly addresses the user's specific vehicle (2018 Tesla Model 3), and offers tailored coverage options for electric vehicles, making it a personalized recommendation."
14,3,User,"Yes, I want the best protection possible. Money isn't really an issue, but I need to know my car is fully covered."," We understand your concern for comprehensive coverage, and we're here to help. Our electric vehicle insurance policies provide extensive protection, ensuring your 2018 Tesla Model 3 is fully covered. Let's discuss the specific coverage options available for your vehicle.",Personal appeal,"The utterance addresses the user's concern for comprehensive coverage and directly targets their need for extensive protection for their specific vehicle model. It also invites the user to discuss specific coverage options, indicating a tailored recommendation."
14,5,User,What kind of coverage are we talking about?," We offer comprehensive coverage options for your 2018 Tesla Model 3, including protection for accidental damage, theft, third-party liability, and even specific coverage for electric vehicles like battery protection. Let's explore these options in more detail to find the best policy for your needs.",Personal appeal,"The recommendation is tailored to the user's specific vehicle, a 2018 Tesla Model 3, and offers coverage options that directly address the car's features and potential risks, such as battery protection for electric vehicles."
14,7,User,"Zero depreciation sounds essential. What about coverage for the battery? It's an EV, after all."," We're glad you're considering zero depreciation coverage, as it can be very beneficial for your vehicle. Additionally, we offer battery protection as part of our comprehensive electric vehicle insurance policy. Let's discuss how these coverages can help protect your 2018 Tesla Model 3.",Personal appeal,"The recommendation is specifically addressing the user's consideration of zero depreciation coverage and their ownership of a 2018 Tesla Model 3, showing a targeted and personalized approach."
14,9,User,What's the premium for this level of coverage?," I'd be happy to provide you with a personalized quote for the comprehensive coverage options we've discussed for your 2018 Tesla Model 3, including zero depreciation and battery protection. Let's proceed with gathering the necessary details to generate an accurate quote for you.",Personal appeal,The recommendation is specifically tailored to the user's previously discussed needs about comprehensive coverage options for their 2018 Tesla Model 3.
14,11,User,That sounds reasonable. What is the Insured Declared Value (IDV)?," The Insured Declared Value (IDV) is an essential factor in determining the premium for your car insurance policy. I can help you understand the IDV for your 2018 Tesla Model 3 and provide a personalized quote based on the comprehensive coverage options we've discussed, including zero depreciation and battery protection. Let's proceed with gathering the necessary details to generate an accurate quote for you.",Logical appeal,"The sentence explains the importance of Insured Declared Value (IDV) and its role in determining the car insurance premium. It also mentions the offer to provide a personalized quote based on comprehensive coverage options, which implies factual reasoning and cost-benefit arguments."
14,13,User,Great. How do I proceed with purchasing this policy?," To finalize the purchase of your comprehensive car insurance policy for your 2018 Tesla Model 3, including zero depreciation and battery protection, we just need a few more details. I'll guide you through the process, and we'll have everything set up in no time. Let's get started!",Personal appeal,"The utterance directly addresses the user's specific need for comprehensive car insurance for their 2018 Tesla Model 3, including zero depreciation and battery protection. The speaker assures the user that they will guide them through the process, ensuring a personalized and tailored experience."
15,1,User,I need to renew my car insurance. It's for a 2010 Honda Civic., I'm glad to help with your car insurance renewal. Let's discuss the best options for your 2010 Honda Civic. I'll provide a personalized quote that suits your needs.,Personal appeal,The sentence directly addresses the user's specific situation and promise of a customized quote shows a targeted recommendation.
15,3,User,"I'm on a fixed income, so price is definitely a factor. But I still need decent coverage.", I completely understand your concern about affordability while maintaining adequate coverage. I'll ensure to provide a competitive quote tailored to your budget and the specific needs of your 2010 Honda Civic. Let's work together to find the best solution for you.,Personal appeal,"This sentence addresses the user's specific concerns about affordability and tailoring the quote to their budget and car's specific needs, making it a personalized recommendation."
15,5,User,What does that actually cover?," Our policy for a 2010 Honda Civic includes coverage for damages to your vehicle due to accidents, theft, and third-party liabilities. We also provide coverage for medical expenses and property damage resulting from accidents involving others. Rest assured, we'll provide a detailed breakdown of the coverage during our discussion.",Logical appeal,"The utterance provides specific coverage details for a 2010 Honda Civic, including accident, theft, and third-party liabilities. It also mentions medical expenses and property damage coverage resulting from accidents involving others. The presentation of these factual details and coverage options is a logical appeal to the listener."
15,7,User,"Hmm, I see. How much would that cost?", I'd be happy to provide a personalized quote for your car insurance renewal. Let's discuss the details and find a plan that fits your budget and provides the coverage you need for your 2010 Honda Civic.,Personal appeal,"The statement offers a personalized quote and directly addresses the user's budget and specific car model (2010 Honda Civic), making it a targeted recommendation that caters to the user's expressed needs."
15,9,User,Is there anything else I should consider?," It's always beneficial to consider additional coverage options like roadside assistance, personal accident coverage, or zero depreciation. These add-ons can provide extra peace of mind and protection for your vehicle and yourself. Let's discuss these options further to see if they align with your needs and budget.",Logical appeal,"The sentence suggests considering additional coverage options and their benefits, which involves factual reasoning and potential cost-benefit outcomes."
15,11,User,How much would that add to the premium?," I'd be happy to provide the cost for each additional coverage option you're considering. This way, you can make an informed decision about which ones best fit your needs and budget. Let's discuss the details and find the right balance for you.",Logical appeal,"The utterance offers a cost-based analysis for additional coverage options, allowing the customer to make an informed decision based on their needs and budget. This approach uses factual reasoning to persuade the customer to consider the options."
15,13,User,"Okay, that doesn't sound too bad. What about discounts?"," We offer various discounts that could help lower your premium. These include no-claim bonuses, voluntary deductibles, and discounts for installing safety devices. Let's explore these options and see how they can benefit you.",Logical appeal,"The sentence uses factual information about the discounts available, their types, and the benefits they provide. It presents a logical argument for why the user should consider these discounts to lower their premium."
15,15,User,"Alright, that sounds good. Let's go with the third-party liability and the personal accident cover."," Great! I'm glad we've found a suitable plan for your 2010 Honda Civic. You've chosen third-party liability and personal accident cover. I'll now prepare a personalized quote for you, including the cost of these options. Once I have the details, we can discuss any additional discounts that may apply to your policy. Let's proceed with the next steps to finalize your car insurance renewal.",Personal appeal,"The recommendation directly addresses the user's specific needs, mentioning the type of car (2010 Honda Civic) and coverage options (third-party liability and personal accident cover) that were chosen, thus tailoring the advice to the user's previous requests and preferences."
